loses,val_loses
2.4716198444366455,40.91055679321289
1222.7230224609375,1633.59716796875
300.3469543457031,267.4482421875
302.2702941894531,608.7090454101562
110.28192138671875,24.674354553222656
9.421744346618652,3.365666151046753
6.604154109954834,3.7643918991088867
5.2562761306762695,1.1430134773254395
16.982778549194336,10.971467018127441
35.047035217285156,1.7449396848678589
3.1589338779449463,8.405353546142578
2.1740267276763916,2.7683238983154297
2.9900295734405518,2.0119972229003906
